seqnames	start	end	width	strand	tx_id	tx_biotype	tx_cds_seq_start	tx_cds_seq_end	gene_id	tx_support_level	tx_id_version	gc_content	tx_external_name	tx_is_canonical	tx_name
19	44905791	44908944	3154	+	ENST00000446996	protein_coding	44906625	44908944	ENSG00000130203	2	ENST00000446996.5	67.9782903663501	APOE-204	0	ENST00000446996
19	44905796	44907326	1531	+	ENST00000485628	retained_intron	NA	NA	ENSG00000130203	1	ENST00000485628.2	56.9390402075227	APOE-205	0	ENST00000485628
19	44905796	44909393	3598	+	ENST00000252486	protein_coding	44906625	44909250	ENSG00000130203	1	ENST00000252486.9	69.0394511149228	APOE-201	1	ENST00000252486
19	44905812	44909025	3214	+	ENST00000434152	protein_coding	44905869	44909025	ENSG00000130203	2	ENST00000434152.5	69.212962962963	APOE-203	0	ENST00000434152
19	44906360	44908954	2595	+	ENST00000425718	protein_coding	44906625	44908954	ENSG00000130203	1	ENST00000425718.1	65.6554712892741	APOE-202	0	ENST00000425718
